Name, minted
AIA,iz37u-hqkor-uwiaa-aaaaa-cmaca-uaqca-aab6w-q
Alexa,357kx-jakor-uwiaa-aaaaa-cmaca-uaqca-aab6x-a
Andrew,xmkqg-zakor-uwiaa-aaaaa-cmaca-uaqca-aab63-q
AndrewWeed,kunwe-sakor-uwiaa-aaaaa-cmaca-uaqca-aab62-q
Anna,py3dd-cykor-uwiaa-aaaaa-cmaca-uaqca-aabs2-q
Anthony,eioff-xqkor-uwiaa-aaaaa-cmaca-uaqca-aab62-a
Arun,zqjdh-4qkor-uwiaa-aaaaa-cmaca-uaqca-aab63-a
Austin,xr4mo-7ikor-uwiaa-aaaaa-cmaca-uaqca-aab6z-q
Dan,zfswh-uikor-uwiaa-aaaaa-cmaca-uaqca-aab3t-q
Dukakis,hizbz-6akor-uwiaa-aaaaa-cmaca-uaqca-aabtm-q
Geoff,upkug-iykor-uwiaa-aaaaa-cmaca-uaqca-aab33-a
Grich,?
Igor,urlis-wykor-uwiaa-aaaaa-cmaca-uaqca-aabtp-a
Isaac,ezph3-gqkor-uwiaa-aaaaa-cmaca-uaqca-aabse-a
Jorgen,evyzn-rykor-uwiaa-aaaaa-cmaca-uaqca-aab6y-a
Kyle,447wa-mikor-uwiaa-aaaaa-cmaca-uaqca-aabs3-a
Liz,?
Matthias,4vjpg-oykor-uwiaa-aaaaa-cmaca-uaqca-aabr2-q
Mike,sa4fb-jykor-uwiaa-aaaaa-cmaca-uaqca-aabs3-q
Moses,kbwde-2ykor-uwiaa-aaaaa-cmaca-uaqca-aab3s-a
Paul,?
PaulY,zn77p-2ykor-uwiaa-aaaaa-cmaca-uaqca-aab6z-a
Peter,fovb5-5ikor-uwiaa-aaaaa-cmaca-uaqca-aab64-a
Quint,kj3km-uikor-uwiaa-aaaaa-cmaca-uaqca-aab6y-q
Seb,ve56g-zikor-uwiaa-aaaaa-cmaca-uaqca-aabrk-a
Stopakor,
Sunny,e5vqf-7ikor-uwiaa-aaaaa-cmaca-uaqca-aab3s-q
T-Punk,?
Victor,xzrfg-rykor-uwiaa-aaaaa-cmaca-uaqca-aab3t-a
